{"pose":{"q0":0.9999987,"q3":0.0016299824,"originId":1},"poseAngleRad":0.003259966,"posePitchRad":-0.16842064,"headAngleRad":0.0578278,"liftHeightMm":31.321756,"accel":{"x":-1172.3978,"y":-158.07611,"z":9590.55},"gyro":{"x":-0.0003848439,"y":0.0020486773,"z":0.00076889107},"carryingObjectId":-1,"carryingObjectOnTopId":-1,"headTrackingObjectId":-1,"localizedToObjectId":-1,"lastImageTimeStamp":90110,"status":137472,"proxData":{"distanceMm":169,"signalQuality":0.07130391},"touchData":{"rawTouchValue":4666}}
